[
  {
    "uid": 4332268118,
    "password": "BIGBULL_QQ39E_BY_SPIDEERIO_GAMING_XEGYC",
    "account_id": "14073734518",
    "name": "BIGBULL³⁴⁰⁵⁹",
    "region": "IND",
    "date_created": "2025-12-09 17:53:16",
    "thread_id": 1
  },
  {
    "uid": 4332268123,
    "password": "BIGBULL_HZG99_BY_SPIDEERIO_GAMING_K6T9R",
    "account_id": "14073734570",
    "name": "BIGBULL³³⁹⁹⁵",
    "region": "IND",
    "date_created": "2025-12-09 17:53:17",
    "thread_id": 2
  },
  {
    "uid": 4332268475,
    "password": "BIGBULL_QCCPB_BY_SPIDEERIO_GAMING_EV3ZP",
    "account_id": "14073736193",
    "name": "BIGBULL³⁵⁰²⁴",
    "region": "IND",
    "date_created": "2025-12-09 17:53:28",
    "thread_id": 1
  },
  {
    "uid": 4332268480,
    "password": "BIGBULL_89LDT_BY_SPIDEERIO_GAMING_HXTBN",
    "account_id": "14073736228",
    "name": "BIGBULL⁵⁹²⁹³",
    "region": "IND",word": "BIGBULL_YZJWP_BY_SPIDEERIO_GAMING_BQ2RS",
    "account_id": "14073778166",
    "name": "BIGBULL⁰⁶⁷⁹¹",
    "region": "IND",
    "date_created": "2025-12-09 17:59:09",
    "thread_id": 2
  },
  {
    "uid": 4332276438,
    "password": "BIGBULL_8X6GA_BY_SPIDEERIO_GAMING_MWO9U",
    "account_id": "14073778245",
    "name": "BIGBULL⁶²⁵⁹³",
    "region": "IND",
    "date_created": "2025-12-09 17:59:12",
    "thread_id": 1
  },
  {
    "uid": 4332276772,
    "password": "BIGBULL_GM8HW_BY_SPIDEERIO_GAMING_0XI6B",
    "account_id": "14073780444",
    "name": "BIGBULL⁵⁶⁴⁵⁴",
    "region": "IND",
    "date_created": "2025-12-09 17:59:27",
    "thread_id"
    "date_created": "2025-12-09 17:53:28",
    "thread_id": 2
  },
  {
    "uid": 4332268737,
    "password": "BIGBULL_X6LEO_BY_SPIDEERIO_GAMING_BAC9K",
    "account_id": "14073737572",
    "name": "BIGBULL⁹⁷⁷⁸³",
    "region": "IND",
    "date_created": "2025-12-09 17:53:40",
    "thread_id": 2
  },
  {
    "uid": 4332268720,
    "password": "BIGBULL_K6WZ4_BY_SPIDEERIO_GAMING_RROIA",
    "account_id": "14073737687",
    "name": "BIGBULL⁸¹²⁵⁵",
    "region": "IND",
    "date_created": "2025-12-09 17:53:40",
    "thread_id": 1
  },
  {
    "uid": 4332269038,
    "password": "BIGBULL_SVOB8_BY_SPIDEERIO_GAMING_OZ53G",
    "account_id": "14073739075",
    "name": "BIGBULL⁷⁷⁹³⁸",
    "region": "IND",
    "date_created": "2025-12-09 17:53:51",
    "thread_id": 2
  },
  {
    "uid": 4332269044,
    "password": "BIGBULL_QE6ZN_BY_SPIDEERIO_GAMING_KF5D3",
    "account_id": "14073739072",
    "name": "BIGBULL⁵³⁴⁵¹",
    "region": "IND",
    "date_created": "2025-12-09 17:53:51",
    "thread_id": 1
  },
  {
    "uid": 4332269252,
    "password": "BIGBULL_3GN1A_BY_SPIDEERIO_GAMING_2X0Y9",
    "account_id": "14073740149",
    "name": "BIGBULL¹⁶⁸⁴³",
    "region": "IND",
    "date_created": "2025-12-09 17:53:59",
    "thread_id": 2
  },
  {
    "uid": 4332269253,
    "password": "BIGBULL_XW78N_BY_SPIDEERIO_GAMING_R1HX1",
    "account_id": "14073740235",
    "name": "BIGBULL¹²⁰⁷⁰",
    "region": "IND",
    "date_created": "2025-12-09 17:54:00",
    "thread_id": 1
  },
  {
    "uid": 4332269450,
    "password": "BIGBULL_PQF7N_BY_SPIDEERIO_GAMING_L8DQ0",
    "account_id": "14073741403",
    "name": "BIGBULL⁹⁴⁸⁷⁰",
    "region": "IND",
    "date_created": "2025-12-09 17:54:11",
    "thread_id": 1
  },
  {
    "uid": 4332269418,
    "password": "BIGBULL_4C2G6_BY_SPIDEERIO_GAMING_KN5ET",
    "account_id": "14073741006",
    "name": "BIGBULL⁰³⁶⁵⁷",
    "region": "IND",
    "date_created": "2025-12-09 17:54:15",
    "thread_id": 2
  },
  {
    "uid": 4332269728,
    "password": "BIGBULL_1XIID_BY_SPIDEERIO_GAMING_BVQLQ",
    "account_id": "14073742870",
    "name": "BIGBULL¹⁸¹⁵⁹",
    "region": "IND",
    "date_created": "2025-12-09 17:54:26",
    "thread_id": 1
  },
  {
    "uid": 4332269827,
    "password": "BIGBULL_BUBE0_BY_SPIDEERIO_GAMING_0CRCM",
    "account_id": "14073743624",
    "name": "BIGBULL⁸⁷⁶⁴⁰",
    "region": "IND",
    "date_created": "2025-12-09 17:54:28",
    "thread_id": 2
  },
  {
    "uid": 4332270113,
    "password": "BIGBULL_MS8W2_BY_SPIDEERIO_GAMING_FLVLC",
    "account_id": "14073745495",
    "name": "BIGBULL⁸⁶¹⁰⁶",
    "region": "IND",
    "date_created": "2025-12-09 17:54:46",
    "thread_id": 2
  },
  {
    "uid": 4332270061,
    "password": "BIGBULL_ERIC2_BY_SPIDEERIO_GAMING_D4UTN",
    "account_id": "14073745036",
    "name": "BIGBULL⁸⁰⁵⁶⁶",
    "region": "IND",
    "date_created": "2025-12-09 17:54:47",
    "thread_id": 1
  },
  {
    "uid": 4332270529,
    "password": "BIGBULL_DIM1P_BY_SPIDEERIO_GAMING_AFDU6",
    "account_id": "14073746814",
    "name": "BIGBULL¹⁹²²⁶",
    "region": "IND",
    "date_created": "2025-12-09 17:54:56",
    "thread_id": 1
  },
  {
    "uid": 4332270524,
    "password": "BIGBULL_DMW0Y_BY_SPIDEERIO_GAMING_WMRUO",
    "account_id": "14073746831",
    "name": "BIGBULL²⁰²³⁶",
    "region": "IND",
    "date_created": "2025-12-09 17:54:56",
    "thread_id": 2
  },
  {
    "uid": 4332270722,
    "password": "BIGBULL_ATUPU_BY_SPIDEERIO_GAMING_MPX1Y",
    "account_id": "14073747963",
    "name": "BIGBULL⁶³¹³³",
    "region": "IND",
    "date_created": "2025-12-09 17:55:08",
    "thread_id": 1
  },
  {
    "uid": 4332270734,
    "password": "BIGBULL_2HEZ3_BY_SPIDEERIO_GAMING_5KYBI",
    "account_id": "14073748054",
    "name": "BIGBULL⁴²⁷⁰⁶",
    "region": "IND",
    "date_created": "2025-12-09 17:55:11",
    "thread_id": 2
  },
  {
    "uid": 4332271054,
    "password": "BIGBULL_MVAKD_BY_SPIDEERIO_GAMING_05PYH",
    "account_id": "14073750004",
    "name": "BIGBULL⁸⁸⁷⁴³",
    "region": "IND",
    "date_created": "2025-12-09 17:55:32",
    "thread_id": 1
  },
  {
    "uid": 4332271130,
    "password": "BIGBULL_TZ29H_BY_SPIDEERIO_GAMING_MMRH3",
    "account_id": "14073750482",
    "name": "BIGBULL⁷³⁶²¹",
    "region": "IND",
    "date_created": "2025-12-09 17:55:34",
    "thread_id": 2
  },
  {
    "uid": 4332271658,
    "password": "BIGBULL_L9RDD_BY_SPIDEERIO_GAMING_SWPDJ",
    "account_id": "14073752956",
    "name": "BIGBULL⁸⁶³⁷³",
    "region": "IND",
    "date_created": "2025-12-09 17:55:45",
    "thread_id": 2
  },
  {
    "uid": 4332271672,
    "password": "BIGBULL_4AVU6_BY_SPIDEERIO_GAMING_CSCWP",
    "account_id": "14073753148",
    "name": "BIGBULL⁴²⁹⁰³",
    "region": "IND",
    "date_created": "2025-12-09 17:55:47",
    "thread_id": 1
  },
  {
    "uid": 4332271908,
    "password": "BIGBULL_9L2PE_BY_SPIDEERIO_GAMING_3MWJP",
    "account_id": "14073754578",
    "name": "BIGBULL⁷⁴⁸¹⁰",
    "region": "IND",
    "date_created": "2025-12-09 17:55:58",
    "thread_id": 1
  },
  {
    "uid": 4332271879,
    "password": "BIGBULL_UALQS_BY_SPIDEERIO_GAMING_JCPZQ",
    "account_id": "14073754899",
    "name": "BIGBULL¹⁹⁹³⁷",
    "region": "IND",
    "date_created": "2025-12-09 17:56:02",
    "thread_id": 2
  },
  {
    "uid": 4332272179,
    "password": "BIGBULL_7O10J_BY_SPIDEERIO_GAMING_1CTFP",
    "account_id": "14073756195",
    "name": "BIGBULL⁹⁴⁶⁶²",
    "region": "IND",
    "date_created": "2025-12-09 17:56:16",
    "thread_id": 1
  },
  {
    "uid": 4332272245,
    "password": "BIGBULL_HO8A5_BY_SPIDEERIO_GAMING_1I32B",
    "account_id": "14073756752",
    "name": "BIGBULL⁸⁸⁶⁵⁴",
    "region": "IND",
    "date_created": "2025-12-09 17:56:18",
    "thread_id": 2
  },
  {
    "uid": 4332272583,
    "password": "BIGBULL_C7MUY_BY_SPIDEERIO_GAMING_1M3SM",
    "account_id": "14073758375",
    "name": "BIGBULL⁹⁰¹²⁹",
    "region": "IND",
    "date_created": "2025-12-09 17:56:29",
    "thread_id": 1
  },
  {
    "uid": 4332272649,
    "password": "BIGBULL_MTJ1P_BY_SPIDEERIO_GAMING_NK2MR",
    "account_id": "14073758982",
    "name": "BIGBULL¹²⁷⁰²",
    "region": "IND",
    "date_created": "2025-12-09 17:56:33",
    "thread_id": 2
  },
  {
    "uid": 4332272925,
    "password": "BIGBULL_W5MUZ_BY_SPIDEERIO_GAMING_MNB8U",
    "account_id": "14073760416",
    "name": "BIGBULL⁶⁴⁶⁸⁶",
    "region": "IND",
    "date_created": "2025-12-09 17:56:45",
    "thread_id": 1
  },
  {
    "uid": 4332273123,
    "password": "BIGBULL_TJ7AW_BY_SPIDEERIO_GAMING_6EGG4",
    "account_id": "14073761538",
    "name": "BIGBULL³⁵⁸⁹⁷",
    "region": "IND",
    "date_created": "2025-12-09 17:56:55",
    "thread_id": 2
  },
  {
    "uid": 4332273234,
    "password": "BIGBULL_8MSY4_BY_SPIDEERIO_GAMING_CB0YQ",
    "account_id": "14073762466",
    "name": "BIGBULL⁵⁷⁶⁴²",
    "region": "IND",
    "date_created": "2025-12-09 17:56:59",
    "thread_id": 1
  },
  {
    "uid": 4332273474,
    "password": "BIGBULL_LSGYJ_BY_SPIDEERIO_GAMING_72F8F",
    "account_id": "14073763414",
    "name": "BIGBULL³⁸⁵³³",
    "region": "IND",
    "date_created": "2025-12-09 17:57:12",
    "thread_id": 2
  },
  {
    "uid": 4332273576,
    "password": "BIGBULL_YLOH5_BY_SPIDEERIO_GAMING_L8LD2",
    "account_id": "14073764490",
    "name": "BIGBULL⁹¹⁵¹³",
    "region": "IND",
    "date_created": "2025-12-09 17:57:16",
    "thread_id": 1
  },
  {
    "uid": 4332273895,
    "password": "BIGBULL_JEQOH_BY_SPIDEERIO_GAMING_NHUV7",
    "account_id": "14073765218",
    "name": "BIGBULL³⁶⁴³⁸",
    "region": "IND",
    "date_created": "2025-12-09 17:57:23",
    "thread_id": 2
  },
  {
    "uid": 4332273974,
    "password": "BIGBULL_5EWEL_BY_SPIDEERIO_GAMING_GN2MD",
    "account_id": "14073765722",
    "name": "BIGBULL⁸⁰⁵⁰³",
    "region": "IND",
    "date_created": "2025-12-09 17:57:32",
    "thread_id": 1
  },
  {
    "uid": 4332274213,
    "password": "BIGBULL_CX9TS_BY_SPIDEERIO_GAMING_7ISBL",
    "account_id": "14073766901",
    "name": "BIGBULL⁶⁷¹²⁶",
    "region": "IND",
    "date_created": "2025-12-09 17:57:36",
    "thread_id": 2
  },
  {
    "uid": 4332274367,
    "password": "BIGBULL_ZD5UP_BY_SPIDEERIO_GAMING_NOJQL",
    "account_id": "14073767587",
    "name": "BIGBULL³⁵²³³",
    "region": "IND",
    "date_created": "2025-12-09 17:57:46",
    "thread_id": 1
  },
  {
    "uid": 4332274459,
    "password": "BIGBULL_4IRDF_BY_SPIDEERIO_GAMING_4NT5C",
    "account_id": "14073768302",
    "name": "BIGBULL²²³⁰⁴",
    "region": "IND",
    "date_created": "2025-12-09 17:57:50",
    "thread_id": 2
  },
  {
    "uid": 4332274711,
    "password": "BIGBULL_2L3VP_BY_SPIDEERIO_GAMING_NYYLK",
    "account_id": "14073769241",
    "name": "BIGBULL⁸¹⁹³⁶",
    "region": "IND",
    "date_created": "2025-12-09 17:57:57",
    "thread_id": 1
  },
  {
    "uid": 4332274850,
    "password": "BIGBULL_7ZUP7_BY_SPIDEERIO_GAMING_IJMPZ",
    "account_id": "14073769846",
    "name": "BIGBULL¹¹⁷⁹⁹",
    "region": "IND",
    "date_created": "2025-12-09 17:58:03",
    "thread_id": 2
  },
  {
    "uid": 4332274968,
    "password": "BIGBULL_IQVP7_BY_SPIDEERIO_GAMING_6SYDM",
    "account_id": "14073770813",
    "name": "BIGBULL¹³⁹²⁷",
    "region": "IND",
    "date_created": "2025-12-09 17:58:10",
    "thread_id": 1
  },
  {
    "uid": 4332275210,
    "password": "BIGBULL_K3DWK_BY_SPIDEERIO_GAMING_JS418",
    "account_id": "14073771656",
    "name": "BIGBULL⁹⁰⁵⁹⁰",
    "region": "IND",
    "date_created": "2025-12-09 17:58:17",
    "thread_id": 2
  },
  {
    "uid": 4332275278,
    "password": "BIGBULL_62SNS_BY_SPIDEERIO_GAMING_GHFSR",
    "account_id": "14073771927",
    "name": "BIGBULL⁶⁹³⁵³",
    "region": "IND",
    "date_created": "2025-12-09 17:58:21",
    "thread_id": 1
  },
  {
    "uid": 4332275504,
    "password": "BIGBULL_WE1SO_BY_SPIDEERIO_GAMING_B81HN",
    "account_id": "14073773373",
    "name": "BIGBULL⁰⁰⁸⁶⁵",
    "region": "IND",
    "date_created": "2025-12-09 17:58:36",
    "thread_id": 2
  },
  {
    "uid": 4332275976,
    "password": "BIGBULL_SE9WA_BY_SPIDEERIO_GAMING_I9URC",
    "account_id": "14073776641",
    "name": "BIGBULL⁴²⁶⁸⁰",
    "region": "IND",
    "date_created": "2025-12-09 17:58:57",
    "thread_id": 2
  },
  {
    "uid": 4332275714,
    "password": "BIGBULL_RFJ96_BY_SPIDEERIO_GAMING_0H9DQ",
    "account_id": "14073776748",
    "name": "BIGBULL⁸⁴⁷¹⁰",
    "region": "IND",
    "date_created": "2025-12-09 17:58:58",
    "thread_id": 1
  },
  {
    "uid": 4332276429,
    "pass: 2
  }
]